time,x,y,z,Fx,Fy,Fz
1775534815.609512,1.0166451150555473,-0.06183045485283521,0.455329990658518,-3.8157067,15.606371,-14.51829
1775534815.7095037,1.0166451150555473,-0.06183045485283521,0.455329990658518,-3.7059093,15.553025,-14.619642
1775534815.8095024,1.0166451150555473,-0.06183045485283521,0.455329990658518,-3.731542,15.557262,-14.542987
1775534815.9094977,1.0166451150555473,-0.06183045485283521,0.455329990658518,-3.793703,15.467148,-14.571764
1775534816.009484,1.0166451150555473,-0.06183045485283521,0.455329990658518,-3.7928176,15.490967,-14.544873
1775534816.1095006,1.0166451150555473,-0.06183045485283521,0.455329990658518,-3.854381,15.526405,-14.571075
1775534816.2094944,1.0166451150555473,-0.06183045485283521,0.455329990658518,-3.7726417,15.474886,-14.516958
1775534816.3094978,1.0166451150555473,-0.06183045485283521,0.455329990658518,-3.8421526,15.506983,-14.649035
1775534816.4094603,1.0166451150555473,-0.06183045485283521,0.455329990658518,-3.7954845,15.535506,-14.543478
1775534816.5094013,1.0166451150555473,-0.06183045485283521,0.455329990658518,-3.9199333,15.43675,-14.598706
1775534816.6093535,1.0166451150555473,-0.06183045485283521,0.455329990658518,-3.7956657,15.616276,-14.618484
1775534816.7093265,1.0166451150555473,-0.06183045485283521,0.455329990658518,-3.7866378,15.510534,-14.54175
1775534816.809355,1.0166451150555473,-0.06183045485283521,0.455329990658518,-3.7484407,15.504375,-14.6452055
1775534816.9093328,1.0166451150555473,-0.06183045485283521,0.455329990658518,-3.8329692,15.499512,-14.596146
1775534817.00942,1.0166451150555473,-0.06183045485283521,0.455329990658518,-3.8190746,15.548691,-14.569639
1775534817.109507,1.0166451150555473,-0.06183045485283521,0.455329990658518,-3.833352,15.506049,-14.620151
1775534817.2095118,1.0166451150555473,-0.06183045485283521,0.455329990658518,-3.7457957,15.517975,-14.594106
1775534817.3095293,1.0166451150555473,-0.06183045485283521,0.455329990658518,-3.7679815,15.491709,-14.467209
1775534817.4095259,1.0166451150555473,-0.06183045485283521,0.455329990658518,-3.8055453,15.51315,-14.544714
1775534817.5094154,1.0166451150555473,-0.06183045485283521,0.455329990658518,-3.8684225,15.616838,-14.542763
1775534817.6093273,1.0166451150555473,-0.06183045485283521,0.455329990658518,-3.781568,15.5265465,-14.569465
1775534817.7093277,1.0166451150555473,-0.06183045485283521,0.455329990658518,-3.7488499,15.505187,-14.567741
1775534817.8093483,1.0156090077825117,-0.06133402625532065,0.4555672315019878,-3.8358378,15.469818,-14.543751
1775534817.9093606,1.0123481444315805,-0.05966166374948167,0.455711899675043,-3.867293,15.596243,-14.571004
1775534818.00946,1.0094062620745015,-0.06084616686526835,0.45502740027239813,-3.8357377,15.62888,-14.593038
1775534818.1094954,1.0065864025740514,-0.06371784292299121,0.4555242823870476,-3.7555761,15.506808,-14.488126
1775534818.2094529,1.0036956461880362,-0.06414395270376363,0.4565178259952652,-3.731182,15.578116,-14.492434
1775534818.3094702,1.001080753028979,-0.06332811351151646,0.4563171054102554,-3.8740354,15.512334,-14.547736
1775534818.409509,0.9984351048927671,-0.06336294335525053,0.4558603782046248,-3.8118615,15.483213,-14.5685005
1775534818.5095007,0.9956425517795221,-0.06400652988657508,0.456298147594163,-3.832605,15.58423,-14.594564
1775534818.6093934,0.992729404113034,-0.06508871318179914,0.45629342130542117,-3.907507,15.59918,-14.4662
1775534818.7094498,0.9898813320235055,-0.06600452502187328,0.4565420770852603,-3.8967204,15.421726,-14.417146
1775534818.8095005,0.987173418276091,-0.06598023463742618,0.45728322172161623,-3.8946323,15.437384,-14.521176
1775534818.909497,0.9844926125941292,-0.06592441688744939,0.45714930693574496,-3.88877,15.378943,-14.520855
1775534819.0094981,0.9817414127864299,-0.06652479817043772,0.4566988886913172,-3.8270397,15.5643635,-14.46956
1775534819.1094966,0.9789322928864203,-0.06750205531017311,0.45643019625933684,-3.7935915,15.468554,-14.417107
1775534819.2094977,0.9762942516453875,-0.06799918736230584,0.456629140913491,-3.775218,15.646072,-14.389909
1775534819.3094978,0.9732741102833443,-0.06825906860006689,0.4577013141107229,-3.8283863,15.422123,-14.445833
1775534819.409499,0.9706546035939639,-0.06852750057353794,0.4577560249986572,-3.7638435,15.630926,-14.3908825
1775534819.5094988,0.9679463029437329,-0.06909669682393635,0.45658427502026355,-3.8276615,15.466203,-14.445582
1775534819.6094997,0.9651667950935442,-0.06967802747897038,0.45728727990208673,-3.91532,15.569851,-14.443967
1775534819.7094965,0.9623230997619034,-0.06998217369404333,0.4576144373563672,-3.754963,15.603302,-14.311217
1775534819.8094964,0.9596590943159338,-0.07009650749186164,0.4572854441450492,-3.9418292,15.513515,-14.341601
1775534819.9095004,0.9567397105857474,-0.07087300409434034,0.45802178470201593,-3.7789507,15.534421,-14.416899
1775534820.0095003,0.9540842048089977,-0.07121911047067198,0.45850028179836794,-3.81428,15.601022,-14.339896
1775534820.1095035,0.9512638773319307,-0.071825661340605,0.457491072353964,-3.6598902,15.477662,-14.38864
1775534820.2095025,0.9485046315771412,-0.07264609804087463,0.4576309329222147,-3.6775007,15.564779,-14.39029
1775534820.3094995,0.9456433556735998,-0.07300982393651759,0.4580949674015788,-3.7355947,15.573071,-14.366858
1775534820.409503,0.9432094161998376,-0.07283177206494558,0.45767942832229486,-3.7082038,15.558614,-14.419302
1775534820.5095026,0.9401961282643917,-0.07329350253947227,0.45812659232776787,-3.8072944,15.491941,-14.29373
1775534820.6094992,0.9374034445629444,-0.07406682076418553,0.45872549231204585,-3.6716518,15.656321,-14.31448
1775534820.709506,0.9346723394708096,-0.07454149660534762,0.45790091614325407,-3.7726817,15.64989,-14.314064
1775534820.809504,0.9321332308831013,-0.07482164251437358,0.45742923948342495,-3.720283,15.499919,-14.344274
1775534820.909497,0.9291902536473827,-0.07502178224826836,0.45842995774447176,-3.6734395,15.486796,-14.31717
1775534821.0094993,0.9264568469880778,-0.0754478833964122,0.45840501977028614,-3.6009603,15.581961,-14.33866
1775534821.1094959,0.9238704466821941,-0.07582754898421523,0.45747620020796453,-3.671751,15.466513,-14.291137
1775534821.2094994,0.9210616997834766,-0.07648788145695556,0.4572770456044236,-3.7999706,15.610264,-14.237391
1775534821.3095026,0.9183134014372943,-0.07678888599171517,0.4586271430576646,-3.7920656,15.622267,-14.287998
1775534821.409502,0.91533652177448,-0.07705745932478805,0.45908870620501124,-3.7294126,15.440989,-14.238338
1775534821.509506,0.9127284691872355,-0.07781251914825799,0.45819722270408253,-3.6310382,15.583801,-14.214367
1775534821.609506,0.9099099748847511,-0.07831071804118814,0.4575632554969715,-3.580986,15.553141,-14.20786
1775534821.7095053,0.9072481268410612,-0.07856302216283102,0.4578286687703544,-3.6307912,15.536148,-14.236974
1775534821.8094988,0.9045210543189497,-0.07859593817808051,0.4587916946805884,-3.7363214,15.526619,-14.26625
1775534821.9094996,0.9016057687137139,-0.07896865328436047,0.4586603716531599,-3.7341213,15.512937,-14.241566
1775534822.0095003,0.898882578978419,-0.07988810220197877,0.4582317839558827,-3.8498483,15.470684,-14.292742
1775534822.1095068,0.8961316859679224,-0.08024230585423678,0.45810327548543833,-3.9005256,15.549224,-14.267291
1775534822.2094998,0.8934694939025771,-0.08040308395180368,0.4579322518505365,-3.5110912,15.58161,-14.133276
1775534822.3094988,0.8907648177556549,-0.08060900530677848,0.4586250801758732,-3.7897267,15.3079605,-14.113582
1775534822.4095001,0.8877077042966035,-0.08102296010822756,0.4590764969134001,-3.7230268,15.388752,-14.294201
1775534822.5095422,0.8849419207143143,-0.08185258397405906,0.4589026960719432,-3.894463,15.7397375,-14.137994
1775534822.6095026,0.8821276733910182,-0.08231785245826867,0.45919614663174274,-3.7356515,15.387602,-14.243873
1775534822.7094996,0.8794162241281818,-0.08271753009640635,0.45914573389169394,-3.8415394,15.561983,-14.21781
1775534822.8094969,0.876915644027782,-0.08293324436696112,0.45887948020181846,-3.8256574,15.400657,-14.164552
1775534822.9094987,0.8741100300087904,-0.08343357018268513,0.45854797276729575,-3.9022121,15.325619,-14.245752
1775534823.0094473,0.8711649624046964,-0.08409958664880413,0.45841320344868525,-3.8251162,15.5902405,-14.219945
1775534823.1094515,0.86844156202046,-0.08463133963941404,0.4587606441133065,-3.7659602,15.609543,-14.185385
1775534823.2095096,0.865629179308728,-0.08451375112644624,0.45906023161146037,-3.634069,15.574369,-14.188612
1775534823.3095021,0.86291556851316,-0.0850473247369399,0.4589206568952607,-3.906684,15.435161,-14.215466
1775534823.4094987,0.8602551441757417,-0.08549253372324914,0.4592360673813876,-3.852675,15.383837,-14.192591
1775534823.509497,0.8573720574088883,-0.08574955561682403,0.4593468177717401,-3.7605066,15.649763,-14.163151
1775534823.6094959,0.8545709615205995,-0.08653618470959155,0.4586337014908852,-3.701192,15.652044,-14.134473
1775534823.7095025,0.8519597983625345,-0.08684873704338889,0.4585169741640408,-4.0433507,15.442062,-14.036358
1775534823.8094985,0.8491228419598602,-0.08688760547697294,0.4590723592268234,-3.780374,15.408122,-14.163688
1775534823.909504,0.8462954050977057,-0.0874320187438699,0.459295025168826,-3.7410421,15.475977,-14.318414
1775534824.0094981,0.8436438789376732,-0.08780439826262529,0.459771440995114,-3.7173867,15.549728,-14.058549
1775534824.109496,0.8407942774560733,-0.08816021953001958,0.45990662628880247,-3.854641,15.499847,-14.164396
1775534824.2094984,0.8377202863256467,-0.0891947208091362,0.4597028688186411,-3.7934303,15.502278,-14.090841
1775534824.309478,0.8351290954222107,-0.08964886204696422,0.4597664336559187,-3.8230224,15.561165,-14.037135
1775534824.4095073,0.8324131864342734,-0.08975598940029325,0.45985600045730834,-3.8168764,15.5833845,-14.111952
1775534824.5094986,0.8297133598740754,-0.09015793929867676,0.4592104353113641,-3.8440828,15.519442,-14.085358
1775534824.6095002,0.8270869426569039,-0.09052153445493005,0.45921233264629663,-3.7738485,15.565411,-13.959612
1775534824.7095063,0.8243308932130468,-0.09061682794404591,0.45979123643270414,-3.9559774,15.537998,-14.117843
1775534824.8094995,0.821399502972864,-0.09107604168244127,0.4597916909268984,-3.6330094,15.63034,-14.003818
1775534824.9095008,0.818559902485264,-0.09179725262879569,0.45954112609910014,-3.674416,15.561798,-13.957596
1775534825.0095088,0.8159032816697078,-0.09205372167390534,0.4597983073599637,-3.827322,15.53445,-14.062274
1775534825.1093938,0.8130790018982543,-0.0923740264037514,0.4600334427255354,-3.7502465,15.5000925,-14.06449
1775534825.2094207,0.810269136019145,-0.09297953478590255,0.4598067692199668,-3.919518,15.441952,-14.057179
1775534825.3094513,0.8077251639773881,-0.0931733759853031,0.4599391038702985,-3.6204972,15.414572,-14.034434
1775534825.4094958,0.8050181777705945,-0.09328072979646394,0.46004777868608027,-3.5935616,15.492068,-14.063754
1775534825.509514,0.8019719186668508,-0.09412222243951204,0.4596176976583892,-3.7744617,15.561155,-14.058692
1775534825.609419,0.7990769617949285,-0.09491310738492728,0.4594913330895332,-3.9117265,15.448114,-14.015539
1775534825.709462,0.7965203852429447,-0.09503092757909726,0.46035901516939876,-3.966463,15.483736,-13.911862
1775534825.809499,0.7937014214455653,-0.09524887915290756,0.46065392370050134,-3.8807898,15.556606,-13.933647
1775534825.9095075,0.7907552016675224,-0.09618364045567272,0.4603045876359075,-3.9267654,15.361673,-14.043379
1775534826.0095124,0.7882179452969319,-0.09641656331470123,0.4607041038521417,-3.7317724,15.525681,-13.957514
1775534826.1093948,0.7855350377681074,-0.09640699484950824,0.46102439731399836,-3.6641808,15.652661,-13.905897
1775534826.209429,0.7825119384775789,-0.09721815605608994,0.4603551127795825,-3.7786717,15.599595,-14.010058
1775534826.3094554,0.7796539617871963,-0.09790983942293317,0.4598559132602786,-3.7420955,15.456767,-13.858274
1775534826.409502,0.777289309708522,-0.09777992911533254,0.46038791385274686,-3.7963443,15.585789,-13.932625
1775534826.5094976,0.7743844158869118,-0.09803633221704443,0.460692918618374,-3.7563448,15.652992,-13.777561
1775534826.6094987,0.7713416052553826,-0.09897366457499536,0.4605696456438981,-3.6535525,15.590078,-13.906511
1775534826.7094982,0.7687884371005297,-0.09928580693913854,0.46089534505623503,-3.9116316,15.568449,-13.856528
1775534826.8094997,0.7661651313741263,-0.09923701026731065,0.46124096206462617,-3.721581,15.556036,-13.834753
1775534826.9094992,0.7632801012965171,-0.09982326729396916,0.4610999617364214,-3.886283,15.581402,-13.913596
1775534827.009498,0.760367496477209,-0.10058191627833593,0.46066991263063284,-3.8753366,15.596828,-13.911414
1775534827.1093853,0.7577170351047081,-0.10077593542066737,0.4606213318722338,-3.8909092,15.561926,-13.885409
1775534827.2093995,0.7550693317757744,-0.1009726128662926,0.46077194622424616,-3.8424602,15.552838,-13.782193
1775534827.309462,0.7521942645305328,-0.1015547490638949,0.4604336597890445,-3.7337513,15.432188,-13.833494
1775534827.4094992,0.7493652498426796,-0.1021147659880241,0.46069644032468066,-3.8790135,15.485879,-13.861073
1775534827.5095015,0.7467771222178404,-0.10233857642847059,0.46154317177558113,-3.7974815,15.576508,-13.861994
1775534827.609498,0.7441435545824356,-0.10248519324731457,0.4619381647683331,-3.7353644,15.721405,-13.780115
1775534827.709497,0.7411724530892545,-0.10317296092801977,0.46154259242693824,-3.899477,15.598085,-13.7799225
1775534827.8094947,0.7381368911045877,-0.10390809989554298,0.4614041201231498,-3.8674488,15.627844,-13.756067
1775534827.9094968,0.7354792074965408,-0.1042368498883131,0.4614592773373508,-3.8511267,15.49704,-13.708916
1775534828.009496,0.7328777998349549,-0.10445193015329574,0.4614924326390281,-3.7440748,15.514921,-13.8596525
1775534828.109497,0.7300816765958885,-0.10496609495409345,0.46121184793060055,-3.825028,15.461946,-13.811647
1775534828.2094984,0.727206144602346,-0.10544327888657944,0.46129929607723147,-3.8151999,15.550383,-13.649961
1775534828.3095005,0.7245093084801658,-0.10580166329708163,0.46178802219245596,-3.8930354,15.54655,-13.758456
1775534828.4094985,0.7219322428749793,-0.10588176873591666,0.4623101763110758,-3.8840642,15.440106,-13.759053
1775534828.5094981,0.7190859916250839,-0.10632060388846651,0.46203667120007347,-3.8275666,15.660523,-13.680746
1775534828.6094947,0.7162563048337527,-0.10669620209061949,0.4618771084311856,-3.8332682,15.490866,-13.759486
1775534828.7094975,0.7134532020581394,-0.10725062756788763,0.46187276744929334,-3.8332682,15.490866,-13.759486
1775534828.8094945,0.7109283642918018,-0.10747850282161736,0.461933673238862,-3.8812685,15.549606,-13.6309395
1775534828.9094975,0.7081831882285118,-0.10788471062751546,0.461838646977705,-3.7810874,15.501188,-13.70711
1775534829.0095026,0.7052711800456102,-0.10849403170780403,0.4616126442904212,-3.822754,15.601599,-13.734785
1775534829.1094983,0.7024008588024192,-0.10894908160450709,0.4618958235914026,-3.8649268,15.537448,-13.602354
1775534829.2095015,0.6998084895495457,-0.10919293414062305,0.4625427280479457,-3.7372198,15.448587,-13.602866
1775534829.309499,0.6971375677351763,-0.10939476790356013,0.4628023473237276,-3.858666,15.59743,-13.629952
1775534829.4094994,0.6941610160029914,-0.1098979753269642,0.4626610218212738,-3.769928,15.3539505,-13.686653
1775534829.5095057,0.6911216712965738,-0.11057649661734141,0.4625364125268646,-4.058152,15.570356,-13.658979
1775534829.609503,0.6885633455571188,-0.11083399770428277,0.46243882870725733,-3.7621284,15.527653,-13.500018
1775534829.7094944,0.6859205593658713,-0.11120609633092858,0.4624591093441585,-3.9032626,15.536477,-13.5520935
1775534829.809501,0.6831771677813963,-0.11151459487428468,0.4624753236212174,-3.7193723,15.623143,-13.552007
1775534829.9094987,0.6802388252222725,-0.11217261676289433,0.4625234652590185,-3.7126465,15.652269,-13.60568
1775534830.009509,0.6773688103509238,-0.1125832292019896,0.4628241432712001,-3.708043,15.632033,-13.525821
1775534830.1094978,0.6748034511978495,-0.11295352906604067,0.46310412507226906,-3.7884645,15.463656,-13.482688
1775534830.2094982,0.6720868033918936,-0.11325630591285407,0.4631778068940655,-3.8435068,15.6307745,-13.477634
1775534830.3094988,0.6692993149967976,-0.11367087636867423,0.4631697841690288,-3.8704977,15.527437,-13.684971
1775534830.4095078,0.6664032200292194,-0.11426812993325369,0.4628379549334874,-3.7800856,15.651937,-13.554339
1775534830.5095112,0.6635464455016304,-0.11486270024666025,0.4627485828599549,-3.9650645,15.534321,-13.61181
1775534830.609453,0.6608969734061175,-0.1151766467895167,0.46275519201628657,-3.9012728,15.631825,-13.50753
1775534830.7095153,0.6582141721213018,-0.11544675158273676,0.4631874466628563,-3.7651868,15.543241,-13.346852
1775534830.8095078,0.6553483330034582,-0.11597597659396083,0.4634561547202269,-3.8476257,15.523289,-13.42777
1775534830.9095008,0.6525436436647585,-0.116516935941481,0.463402978240434,-3.783184,15.573031,-13.323533
1775534831.0095017,0.6499673117315192,-0.11672820906257818,0.46361725293606865,-3.947093,15.560301,-13.48178
1775534831.1095018,0.6472772390967937,-0.11710686567739662,0.46382241980512734,-3.8533998,15.439045,-13.459381
1775534831.2095,0.6446585834022748,-0.11739186586840097,0.4636770674544334,-3.8527555,15.473457,-13.40247
1775534831.309507,0.6418799687173866,-0.11781024381606238,0.46352800030983365,-3.7821112,15.5824795,-13.403159
1775534831.4094985,0.638790638247959,-0.11842679636800477,0.4632333453307232,-3.9101815,15.586619,-13.404232
1775534831.5094972,0.6360351365935332,-0.11873883554479703,0.46358164112781164,-3.986874,15.645187,-13.35207
1775534831.6094983,0.6332736749361162,-0.11910367283982055,0.4637349921760186,-3.8524194,15.521705,-13.325365
1775534831.7095034,0.6306049029776633,-0.11957963602550958,0.46384843050325963,-3.8774157,15.571971,-13.403727
1775534831.8095002,0.627776064221548,-0.11992329249128465,0.4638181919564085,-3.736226,15.533102,-13.300265
1775534831.9095008,0.6250695709691454,-0.120418304449775,0.4637833755937263,-3.8669915,15.404408,-13.379284
1775534832.0095017,0.6221967264768329,-0.12077589301769681,0.4636014703745381,-3.8234782,15.602822,-13.301199
1775534832.1094983,0.6196156777178116,-0.12118901047219134,0.4636877400073483,-3.7671695,15.635381,-13.354813
1775534832.2094982,0.6169765588985283,-0.12162010902142012,0.46416234345692314,-3.8697877,15.497304,-13.300651
1775534832.3094983,0.6141631011397454,-0.12185888117613206,0.46442916617124025,-3.9734483,15.448216,-13.176999
1775534832.4095008,0.6112334928157955,-0.12241230198805282,0.46437012248335235,-3.846652,15.637566,-13.199477
1775534832.5093927,0.6082154495970392,-0.12294442798868688,0.4640931401159501,-3.9319992,15.428856,-13.201409
1775534832.609418,0.6055636014040474,-0.12318174947128718,0.46427022901078835,-4.0349264,15.517757,-13.200564
1775534832.7094646,0.6029425914174156,-0.1235778070090943,0.46436203941566917,-3.8148313,15.500545,-13.247638
1775534832.809501,0.6000703382632466,-0.12398774494317298,0.4640985167229219,-3.985135,15.476891,-13.201023
1775534832.9094987,0.5972712880535602,-0.12451425973119379,0.4642845061947064,-3.9878812,15.486626,-13.302293
1775534833.0094976,0.594481558133489,-0.1249745569338437,0.4647791997571348,-3.8253007,15.5097475,-13.145468
1775534833.109496,0.5918743605744806,-0.12530340507188875,0.46491332446606,-3.9995413,15.482605,-13.174295
1775534833.2095003,0.5887867771679667,-0.1258496910722698,0.46445836542645924,-3.9604387,15.683644,-13.250065
1775534833.3095007,0.5864756503792304,-0.12586320349763572,0.46488010164814464,-3.8458014,15.597097,-13.20072
1775534833.4095006,0.5836415496918591,-0.12646308857416366,0.4649257388070274,-3.9264169,15.623116,-13.049666
1775534833.5094016,0.5811415154280666,-0.126600074597369,0.46491777747869417,-3.9134421,15.5225315,-13.098376
1775534833.6094258,0.5783552100826623,-0.12707071237153292,0.4651242491786909,-3.924851,15.54033,-13.175341
1775534833.7094514,0.5747580294188938,-0.1275645329228175,0.46466825654591704,-4.0006385,15.562208,-13.047923
1775534833.8094995,0.5718978909533033,-0.1279973057808419,0.4644196523311845,-4.084247,15.4037895,-13.07401
1775534833.9094965,0.5696421243162452,-0.12811022247100076,0.46501085608185977,-4.016629,15.505749,-13.149804
1775534834.0094998,0.5669760554783695,-0.12851163101084712,0.46524478988823503,-4.035439,15.665055,-13.101192
1775534834.1094997,0.5643665410368686,-0.12895092036141925,0.4651685888177089,-4.0355616,15.564133,-12.999413
1775534834.2095013,0.5616809443668498,-0.1291691839651247,0.4649487019680684,-4.0456553,15.446581,-13.023032
1775534834.3094976,0.5586533330463946,-0.12974327637244237,0.46496555986750066,-4.0068355,15.600076,-13.098578
1775534834.4095001,0.5562101381153663,-0.12986727202653647,0.46577531836431246,-4.1224604,15.50374,-13.125527
1775534834.509496,0.5534441386316001,-0.13025301324690158,0.4656959657886403,-4.0182605,15.667636,-12.943644
1775534834.6094484,0.550324591749762,-0.13093717750362782,0.46527522532813076,-3.9463906,15.674001,-13.02031
1775534834.7094266,0.547750449527355,-0.1311609430335987,0.46547789827821684,-3.9157925,15.737486,-13.048049
1775534834.809499,0.5449263350807108,-0.13171851881437202,0.465341989302048,-4.041809,15.654413,-12.896108
1775534834.9094956,0.5420727321889066,-0.13189365634520783,0.4651832753023435,-3.8367424,15.544754,-12.892474
1775534835.0095024,0.5395093617419918,-0.13258435191525464,0.4654855943301854,-4.0900087,15.402706,-12.948418
1775534835.1095002,0.536626722829163,-0.13286284258253148,0.4658043175430692,-4.006388,15.508992,-13.0533695
1775534835.2095056,0.5338675204820013,-0.13339464669777265,0.46579164401155526,-3.893342,15.611561,-12.76232
1775534835.3094952,0.5312888961682166,-0.1336003350349209,0.4661011732166575,-3.925086,15.4525585,-12.820326
1775534835.4094954,0.5280887574727225,-0.13431382281504958,0.465856115610504,-4.046219,15.646292,-12.769699
1775534835.5094988,0.5248750824238625,-0.1348174748335161,0.46587478947040784,-3.988429,15.587103,-12.7923
1775534835.6094995,0.5234387805370483,-0.13486866821679921,0.4654527738276461,-3.9029503,15.531239,-12.793263
1775534835.709499,0.523320149833332,-0.13488823896824725,0.46547721167149336,-3.937148,15.577244,-12.744501
1775534835.809396,0.5231954267915971,-0.13509440151745575,0.46551946680538075,-3.8870726,15.586292,-12.846042
1775534835.9093435,0.5231656855420429,-0.13504596900366575,0.4654735523067233,-4.0343556,15.5421505,-12.849242
1775534836.0093374,0.5231619081136126,-0.13501975711203026,0.4654816653701669,-4.0204606,15.59133,-12.822735
1775534836.1093369,0.5231656855420429,-0.13504596900366575,0.4654735523067233,-3.9464808,15.662832,-12.794457
1775534836.2093394,0.5231656855420429,-0.13504596900366575,0.4654735523067233,-3.9968705,15.578145,-12.796574
1775534836.3093386,0.5231619081136126,-0.13501975711203026,0.4654816653701669,-3.9406977,15.600334,-12.870857
1775534836.4094088,0.5231890073089971,-0.13501548965736543,0.46550893071667226,-3.9380312,15.586542,-12.846309
1775534836.5093982,0.5231927846420046,-0.13504170106540508,0.4655008160465603,-4.070851,15.537389,-12.798907
1775534836.6094813,0.5231927846420046,-0.13504170106540508,0.4655008160465603,-3.9521728,15.54866,-12.742767
1775534836.7095144,0.5231927846420046,-0.13504170106540508,0.4655008160465603,-4.0114894,15.515632,-12.797389
1775534836.8095145,0.5231927846420046,-0.13504170106540508,0.4655008160465603,-4.0966415,15.564257,-12.849751
1775534836.909507,0.5231927846420046,-0.13504170106540508,0.4655008160465603,-3.9737473,15.595816,-12.744336
1775534837.0095048,0.5231927846420046,-0.13504170106540508,0.4655008160465603,-4.0953364,15.642751,-12.769893
1775534837.1095,0.5231927846420046,-0.13504170106540508,0.4655008160465603,-3.9384875,15.642138,-12.715742
1775534837.2094955,0.5231927846420046,-0.13504170106540508,0.4655008160465603,-4.0014753,15.562023,-12.768995
1775534837.3095071,0.5231927846420046,-0.13504170106540508,0.4655008160465603,-4.011456,15.543728,-12.693508
1775534837.4094026,0.5231927846420046,-0.13504170106540508,0.4655008160465603,-3.9855652,15.645174,-12.717894
1775534837.5093596,0.5231927846420046,-0.13504170106540508,0.4655008160465603,-3.952672,15.551421,-12.820572
1775534837.6093524,0.5231927846420046,-0.13504170106540508,0.4655008160465603,-4.0740633,15.6087265,-12.848158
1775534837.7093532,0.5231927846420046,-0.13504170106540508,0.4655008160465603,-3.9884224,15.501854,-12.848425
1775534837.8093517,0.5231927846420046,-0.13504170106540508,0.4655008160465603,-4.036136,15.641255,-12.795013
1775534837.9094272,0.5231927846420046,-0.13504170106540508,0.4655008160465603,-4.025578,15.630103,-12.74192
1775534838.0095038,0.5231927846420046,-0.13504170106540508,0.4655008160465603,-3.9536028,15.582387,-12.79436
1775534838.109482,0.5231927846420046,-0.13504170106540508,0.4655008160465603,-3.9728613,15.619635,-12.717446
1775534838.209496,0.5231927846420046,-0.13504170106540508,0.4655008160465603,-4.0007286,15.578712,-12.795298
1775534838.3094723,0.5231927846420046,-0.13504170106540508,0.4655008160465603,-3.986424,15.596333,-12.872194
1775534838.409517,0.5231927846420046,-0.13504170106540508,0.4655008160465603,-3.9534197,15.534734,-12.7942705
1775534838.5095131,0.5231927846420046,-0.13504170106540508,0.4655008160465603,-3.9661136,15.5850115,-12.690231
1775534838.609496,0.5231927846420046,-0.13504170106540508,0.4655008160465603,-3.9773417,15.704436,-12.791647
1775534838.7095158,0.5234907495437786,-0.13501014548320256,0.46566796190225423,-3.9526062,15.576864,-12.638755
1775534838.8094978,0.5269510582954458,-0.1346478625737183,0.4665122791490635,-3.850544,15.649897,-12.766554
1775534838.9095144,0.5301765676029719,-0.13452259079100848,0.46616761769391973,-3.9947038,15.5000105,-12.7683325
1775534839.009503,0.5326650451345463,-0.1340537631515525,0.4657395704731731,-3.9004402,15.540077,-12.896213
1775534839.1095047,0.5359263703562583,-0.13351335913364684,0.4658297711903059,-4.090683,15.570101,-12.843994
1775534839.2094965,0.5388685323298951,-0.13297827329021478,0.4660579924772744,-4.0838056,15.456376,-12.919963
1775534839.3095012,0.5416946978593897,-0.13263985010944385,0.46589076253840406,-3.9205341,15.464737,-12.892711
1775534839.409513,0.5445986435998,-0.1323488187171695,0.4658602706914268,-3.9493656,15.628916,-12.80979
1775534839.5095112,0.5477480182842291,-0.13161429130632732,0.46620599695303044,-3.9101114,15.510317,-12.94178
1775534839.6095026,0.5506200326781976,-0.13145476025861844,0.4663701497636177,-3.881143,15.535665,-13.070963
1775534839.7094958,0.5535131876159313,-0.13098572495922053,0.4660996642357244,-4.073351,15.712446,-12.964606
1775534839.809492,0.5567100559181005,-0.13037930744088255,0.4658221972152879,-3.8445992,15.657125,-12.961904
1775534839.9093726,0.5596034495427366,-0.12997875995747174,0.46576944392576886,-4.065509,15.601461,-13.096289
1775534840.0094156,0.5624395715463091,-0.1297161867021183,0.46555799233393225,-3.931723,15.647743,-13.066017
1775534840.109459,0.5655995586360918,-0.1291712130780225,0.4653613403630085,-3.9600496,15.457653,-13.119194
1775534840.2094932,0.5684364073535924,-0.12879000486618658,0.46526283359249826,-3.9996285,15.445125,-13.221291
1775534840.309495,0.5714824181789445,-0.1281143709626435,0.46528727428622146,-3.980874,15.58536,-13.196036
1775534840.409501,0.5744410821103162,-0.1276654256760608,0.46529565975905923,-3.9165869,15.475338,-13.119841
1775534840.5094936,0.5774205772283402,-0.12723335331058483,0.4649370646800895,-3.9974742,15.424731,-13.195393
1775534840.6095,0.5805312685684397,-0.12668293051629095,0.46491424821428873,-3.9778042,15.594511,-13.244711
1775534840.7095335,0.5834516401858637,-0.12629716434950047,0.4650600411992025,-3.9328256,15.61257,-13.191129
1775534840.8094964,0.586269219868814,-0.12578137096617115,0.4651616731514254,-4.0058193,15.693199,-13.267743
1775534840.9094028,0.5892962022941852,-0.12525479994949834,0.46511985885188134,-3.899969,15.598341,-13.136215
1775534841.0094073,0.5921501812106127,-0.12478039344616917,0.46520221974327763,-3.9152088,15.65642,-13.319948
1775534841.1094556,0.5952486919725866,-0.12407148183808787,0.4654326200357175,-4.000416,15.521946,-13.350185
1775534841.209501,0.5982077258576981,-0.1236269030829422,0.465343209223991,-3.928329,15.410903,-13.267329
1775534841.3094997,0.6012232801864228,-0.12304249031067546,0.46503757189936984,-4.0389752,15.507252,-13.297284
1775534841.409495,0.6041035103654547,-0.12276825358184633,0.4647620272799143,-3.9859653,15.535081,-13.161963
1775534841.509498,0.6071111466686657,-0.12228421448814925,0.46473075777981676,-3.8573656,15.567185,-13.2911625
1775534841.6094978,0.6101170907932816,-0.12176517912429634,0.46438407718948943,-3.928516,15.430883,-13.294193
1775534841.7095,0.6132684185856684,-0.1212328008185426,0.4642692211629447,-3.91401,15.522736,-13.422092
1775534841.8094954,0.6161946690053803,-0.12099055353546036,0.46457796451327943,-3.8929477,15.499727,-13.393231
1775534841.9093635,0.6190113890131826,-0.12026723855458496,0.4644520271994625,-3.993291,15.5991535,-13.3177595
1775534842.0094044,0.6217511077262272,-0.12021791669296597,0.4640197023415787,-3.9821968,15.505714,-13.344451
1775534842.1094627,0.6250572434763084,-0.11937975315941421,0.46399416438883573,-4.039899,15.573704,-13.446847
1775534842.209502,0.628009680860006,-0.11907102435187567,0.46418744908555837,-3.9893599,15.51878,-13.499549
1775534842.309499,0.6308143863337317,-0.11873416865067642,0.4644267126362197,-3.9690676,15.573577,-13.4993305
1775534842.4094665,0.633890226289595,-0.11806202655283332,0.46443575169130435,-3.9831638,15.480911,-13.448893
1775534842.5094562,0.6367413823533516,-0.1175753582066128,0.4644131338329709,-3.7127175,15.631151,-13.368786
1775534842.609498,0.6395332302834754,-0.11730587308564415,0.4643918525042374,-3.976541,15.497015,-13.445298
1775534842.7094977,0.6427737045948616,-0.11674594861347541,0.4648689381895928,-4.0641537,15.478778,-13.415289
1775534842.809494,0.6458485403185628,-0.11614345024910015,0.46449873578340717,-3.9924965,15.499398,-13.417355
1775534842.9094977,0.6486975900062908,-0.11586513609098703,0.4640138484392402,-3.9899197,15.389705,-13.492519
1775534843.009499,0.6515761959652298,-0.11535881775811876,0.46373110158722564,-3.976015,15.530727,-13.44302
1775534843.1094992,0.6546795146285117,-0.1150446777235043,0.4634809995255305,-3.9597502,15.550867,-13.598596
1775534843.209496,0.6577243915861452,-0.11451015394693015,0.4634988665637213,-3.871107,15.630098,-13.622605
1775534843.309506,0.6606883909058134,-0.1139483744595246,0.46352439369444404,-3.9784722,15.505831,-13.601468
1775534843.4094975,0.6633823759933271,-0.11375199488052012,0.4633497392240751,-3.8933887,15.508635,-13.495395
1775534843.5094624,0.6666153073065016,-0.11312402821531795,0.46327341070496875,-4.1262207,15.523291,-13.5526495
1775534843.6094806,0.669513951668292,-0.11278350275452037,0.4631049782092707,-4.0281816,15.58387,-13.599204
1775534843.7094996,0.6726568929606788,-0.11230631893988077,0.4634600615146131,-3.8995285,15.793464,-13.617148
1775534843.8094566,0.6753593386060093,-0.11190781071333993,0.4633610008219696,-3.9587593,15.553722,-13.622392
1775534843.9094613,0.6780605444856462,-0.11158162426068695,0.4633375147007167,-3.7795787,15.645232,-13.544041
1775534844.0095003,0.6810977669447112,-0.11118284600528865,0.4637476478473248,-3.9043403,15.470839,-13.702924
1775534844.1095,0.6842704249905133,-0.11049260426566385,0.46423278795865724,-3.8440938,15.442154,-13.700457
1775534844.2094975,0.6871197912415299,-0.11004248716355264,0.4639130514378387,-3.944376,15.483158,-13.7003975
1775534844.3094947,0.6900900560232133,-0.10975997804743977,0.46313289870194585,-3.9393067,15.529917,-13.702169
1775534844.4094958,0.6932246301930741,-0.10924675670970017,0.4631995331639671,-3.8918085,15.612303,-13.621106
1775534844.5095012,0.6962911168656463,-0.10860333684592982,0.4631906636041906,-3.9435468,15.537022,-13.724893
1775534844.6095006,0.6991669114288305,-0.10826382063976814,0.46282227496131284,-3.9243245,15.677148,-13.699771
1775534844.7094946,0.702090494360638,-0.10776271550140225,0.46304301924977814,-3.8652205,15.549708,-13.750522
1775534844.809494,0.7048971310496871,-0.10737896212316132,0.46284274731747066,-3.9839454,15.526117,-13.672066
1775534844.909495,0.7082070404150144,-0.10669242314384865,0.4626885543332322,-3.833612,15.586287,-13.72775
1775534845.0094912,0.7111798833156463,-0.10612850259694413,0.4623336187200475,-3.9701405,15.577246,-13.800822
1775534845.1094935,0.7141018564249191,-0.10571721428281086,0.4621740620718222,-3.962112,15.621002,-13.725666
1775534845.2095025,0.7170684987444302,-0.10514113645845306,0.46246049551347274,-3.8786602,15.619657,-13.727622
1775534845.3094883,0.7201243267196968,-0.10451589048083568,0.4629605510064523,-3.8149095,15.630339,-13.825129
1775534845.409452,0.7228909336486399,-0.10427215858614204,0.46303889476119203,-3.9450397,15.509254,-13.8056755
1775534845.5094943,0.7258089518145698,-0.10388744981708174,0.46314881442718386,-3.8489966,15.475355,-13.828458
1775534845.6094959,0.7287558769829611,-0.10345257625573631,0.462898917061572,-3.9313035,15.575455,-13.773282
1775534845.7094965,0.7318066987107252,-0.1029764030101077,0.4623824165449549,-3.879025,15.326933,-13.802569
1775534845.8094964,0.7347951475777846,-0.1026095471416363,0.46208793333786574,-3.928966,15.541396,-13.753875
1775534845.9094994,0.7378215478850906,-0.10215566260256383,0.46206695239649487,-3.9078813,15.521742,-13.725621
1775534846.009613,0.7408170008078877,-0.10160102838552161,0.4621109031013127,-3.8183737,15.477462,-13.876165
1775534846.109511,0.743822426651013,-0.101080831616436,0.46244100582095954,-3.8183737,15.477462,-13.876165
1775534846.2094977,0.7467607410112945,-0.10080741284074744,0.4622560599487256,-3.8815575,15.564238,-13.879963
1775534846.3094976,0.7497077190545612,-0.10040702888497843,0.46126549774730263,-3.9489598,15.625116,-13.799657
1775534846.4094925,0.7526791474951957,-0.1000358273104515,0.4611193880549188,-3.8070889,15.608238,-13.878372
1775534846.5094967,0.7556790593910546,-0.0993714839690009,0.4618643334696017,-3.6828294,15.5191345,-13.955067
1775534846.609493,0.7585075694177984,-0.09887136384707144,0.4622000321872812,-3.6816058,15.560454,-13.877014
1775534846.7094927,0.7614322829958889,-0.09852811317429995,0.4623726368049789,-3.7740006,15.491573,-13.8764715
1775534846.8094938,0.7643666454764114,-0.09810312546870266,0.4626631818017191,-3.8597426,15.439384,-13.82692
1775534846.909495,0.7674549344081141,-0.09757760707959263,0.46227275630359577,-3.7943244,15.61652,-13.875508
1775534847.0094967,0.770432616526304,-0.09730368592288946,0.46132899382590087,-3.915512,15.596409,-13.828698
1775534847.1094944,0.7733366787628101,-0.0969188039615993,0.46106841087145456,-3.7940545,15.608577,-14.006164
1775534847.2095,0.776409787718823,-0.09628608000292266,0.4613280578009417,-3.800982,15.474471,-13.927431
1775534847.3093736,0.7794001069603984,-0.09559469136109469,0.4615751328382894,-3.755083,15.580801,-13.850517
1775534847.409408,0.7824063072631701,-0.09505174976445438,0.4613394639911662,-3.8303657,15.463921,-14.033567
1775534847.5094774,0.785526360890217,-0.0945940745263882,0.46063675754512357,-3.8932195,15.540216,-14.058169
1775534847.609493,0.7885332868342796,-0.0939889131376507,0.46055638836463536,-3.890534,15.465916,-13.985257
1775534847.7094984,0.7912598362722623,-0.09372849595720582,0.4610022542325506,-3.7956839,15.539692,-14.133554
1775534847.8094933,0.7940746010863265,-0.09347792695448422,0.4611577491308741,-3.9641132,15.509598,-14.008931
1775534847.909494,0.7971431023681469,-0.09277690483206052,0.46156520279711793,-3.92418,15.520609,-14.061625
1775534848.0094962,0.8002458442257521,-0.09215681773391424,0.4617611559996064,-3.9270158,15.488264,-13.931292
1775534848.1094968,0.8033262871198309,-0.09169954151824143,0.4607368027177372,-3.83817,15.641727,-14.006305
1775534848.209497,0.8064617323160292,-0.09129305251391777,0.46013482459522154,-3.846321,15.466303,-14.005625
1775534848.3093703,0.8093383713666475,-0.09074207986295335,0.46025542374354533,-3.8727245,15.699995,-14.083012
1775534848.4094288,0.8121653627776312,-0.09038947589210479,0.46023020105369117,-3.8971004,15.568177,-14.030341
1775534848.5094538,0.8151157760227545,-0.09003421603339826,0.4601514279762499,-3.7716093,15.438217,-14.085938
1775534848.6094954,0.8183453640087216,-0.0893128225817968,0.4595707678380333,-3.7326775,15.56237,-14.032768
1775534848.709509,0.8213084003161282,-0.08891859847027807,0.45918806337615786,-3.7855835,15.446474,-14.137282
1775534848.8094962,0.8240953758528652,-0.08868192235130692,0.45983968040627815,-3.9332747,15.495385,-13.98519
1775534848.909497,0.8270164978328034,-0.088064356646404,0.46067431918741913,-3.879758,15.653956,-14.035087
1775534849.0094974,0.8299350058018723,-0.08736601786289185,0.4609088756579779,-3.7176518,15.556968,-14.027921
1775534849.109495,0.8328844367966788,-0.08697670074402601,0.460192581340318,-3.746932,15.55383,-14.057945
1775534849.2094946,0.836074419554297,-0.08643785882911853,0.4593847957813723,-3.8402638,15.70155,-14.163172
1775534849.3093617,0.8390534529590625,-0.08583135817384296,0.45925955951190595,-3.7045631,15.653488,-14.033079
1775534849.4094121,0.8419649716242049,-0.08560436507616816,0.45944434487313607,-3.7279673,15.557527,-14.111036
1775534849.5094633,0.8449135540587682,-0.08509166050047115,0.4597426283056091,-3.7680168,15.573484,-14.086197
1775534849.6094987,0.8480479846854159,-0.08442762667224002,0.4590099541146323,-3.7100954,15.639957,-14.106091
1775534849.7094975,0.8509315278713686,-0.08435938249608817,0.45821759489022523,-3.8593707,15.565199,-14.134493
1775534849.8094928,0.8536857744889031,-0.08410199236633803,0.4592659378072989,-3.866459,15.579951,-14.112012
1775534849.9094918,0.8565498050575575,-0.0834607155860344,0.46029819023694934,-3.8014588,15.458523,-14.1659975
1775534850.0094981,0.859632206414413,-0.08281788369743216,0.46018341925873796,-3.8350992,15.535586,-14.03702
1775534850.1094918,0.8626519920920805,-0.0824192484034307,0.45944851018003835,-3.7317762,15.5000725,-14.130336
1775534850.2094975,0.8655649917120805,-0.0823540613834144,0.45865857682041766,-3.690517,15.565426,-14.162248
1775534850.3094945,0.8684728490772712,-0.08200562198168806,0.45840687764499566,-3.6406717,15.707659,-14.184833
1775534850.4094918,0.8715040901740821,-0.08119068860502877,0.45902840649349236,-3.9091954,15.608717,-14.21197
1775534850.5094976,0.8746807412627657,-0.0802409751263707,0.4586623140947182,-3.7293491,15.569586,-14.290644
1775534850.6094923,0.8777377368798882,-0.07997094696507828,0.45761234362362785,-3.830175,15.485741,-14.215832
1775534850.709498,0.8804019702225092,-0.07989938058957309,0.4584738619227551,-3.7999277,15.5838585,-14.1636915
1775534850.8094966,0.8831785206860542,-0.07930096298734983,0.45967421467817937,-3.7630124,15.674042,-14.135116
1775534850.9095137,0.8862177667763472,-0.07873950394278871,0.45966470157886175,-3.7887778,15.491123,-14.113054
1775534851.0094912,0.8893453333880275,-0.07825730226288015,0.458661600038175,-3.7764168,15.5973625,-14.188309
1775534851.1094937,0.8923017110290111,-0.0781417677733356,0.45777785512437213,-3.8251143,15.556253,-14.213364
1775534851.2094917,0.8952775702307975,-0.07756644035057697,0.4581908235833171,-3.78728,15.557616,-14.240572
1775534851.3094988,0.8981809407878538,-0.07684705757883228,0.4584843506910797,-3.6746035,15.650945,-14.212003
1775534851.4095035,0.9013159698553244,-0.07655529658487685,0.45733228250658753,-3.784515,15.605035,-14.209755
1775534851.5094955,0.9042200523082683,-0.07607741951230221,0.4571022295554028,-3.8651958,15.5133705,-14.31835
1775534851.6094942,0.9070249753579936,-0.07535331854951492,0.4586656411219776,-3.7332945,15.502936,-14.217089
1775534851.7094953,0.9099223472546948,-0.07465248670541286,0.45963772100308503,-3.7217135,15.595139,-14.343978
1775534851.809498,0.9128824338076,-0.07449903164157873,0.4585577275309005,-3.6210575,15.602098,-14.289853
1775534851.9094605,0.9160049782697455,-0.07445523327762557,0.45699986035873946,-3.6477017,15.633243,-14.263708
1775534852.009448,0.918976521866075,-0.07392363588705553,0.4572431106716948,-3.6210804,15.629492,-14.263303
1775534852.1094596,0.9219176502185998,-0.07313719970654756,0.4581252788222938,-3.6157594,15.630965,-14.388537
1775534852.2094662,0.9250295718014745,-0.07253202501671113,0.45741331013348774,-3.7149525,15.587627,-14.313135
1775534852.3094933,0.9278984774695428,-0.07249329168875604,0.45633502556719524,-3.8150878,15.550514,-14.316009
1775534852.4094474,0.9306982129768138,-0.0721135727083043,0.45753759883182854,-3.6896043,15.564222,-14.262765
1775534852.5094516,0.9335753301656322,-0.07115588040949034,0.4588580690941205,-3.7588015,15.610465,-14.343072
1775534852.6094606,0.9366550125930173,-0.07051411888524561,0.45836486935126275,-3.898241,15.511223,-14.292686
1775534852.7094579,0.9397834015203061,-0.07027228664781661,0.4568453891480344,-3.7189908,15.551303,-14.268044
1775534852.8094523,0.9426301068350583,-0.07021231271481662,0.4564513592879688,-3.634244,15.444366,-14.290961
1775534852.9094958,0.9455597102286989,-0.06975444640068768,0.45715037525738816,-3.7544804,15.822929,-14.417996
1775534853.009499,0.9486025575992494,-0.06887776935724359,0.45694134234167527,-3.7367148,15.47767,-14.420683
1775534853.1095016,0.9518125165929332,-0.06808312783333632,0.4558274460713306,-3.9132257,15.515639,-14.420483
1775534853.2094924,0.9545446912405583,-0.06802255933361767,0.456251946201104,-3.697938,15.539909,-14.45111
1775534853.3094962,0.957204019137492,-0.06812306671303577,0.45775743289915394,-3.7272363,15.67345,-14.393998
1775534853.4094949,0.960186427593403,-0.0673013978300528,0.45797387527420164,-3.8226614,15.56439,-14.393642
1775534853.509512,0.9634385903558547,-0.06636219904349448,0.4567504597109133,-3.7557712,15.619898,-14.368827
1775534853.6095002,0.9664255312667751,-0.06603686177307518,0.455817090540286,-3.629084,15.496849,-14.416896
1775534853.7094977,0.9693059179250798,-0.06580473421644151,0.4561014517433045,-3.5979886,15.619066,-14.314942
1775534853.8094976,0.9721902309544419,-0.06547762147766449,0.45657376804099026,-3.8008518,15.619562,-14.339196
1775534853.9094923,0.9752680194292463,-0.06493901874683894,0.45599982881363604,-3.7609196,15.630577,-14.3918915
1775534854.0094986,0.9783696128758953,-0.06419499684341076,0.45493799531903717,-3.6089306,15.60601,-14.417985
1775534854.1094935,0.9812546707329324,-0.06382126033200973,0.4550697253447462,-3.8419619,15.481701,-14.4436
1775534854.2094944,0.9839744409997467,-0.06354543809718381,0.45662145834314044,-3.610897,15.722021,-14.38979
1775534854.3094926,0.986859896133809,-0.06303028735970763,0.4572067018685144,-3.7969599,15.441621,-14.4425125
1775534854.4095006,0.9898117122290383,-0.06239915014362183,0.4567114991568437,-3.8277397,15.52364,-14.470418
1775534854.5094917,0.9928929674025189,-0.06202404578653973,0.45604053151460444,-3.7494287,15.557711,-14.390951
1775534854.6094937,0.9959744974449609,-0.06146559918377379,0.4555022307745734,-3.7358394,15.446002,-14.524223
1775534854.709389,0.9989512117911978,-0.060935600008371005,0.4552271071803456,-3.7726922,15.594403,-14.444495
1775534854.8093667,1.0018132582742283,-0.060599952935273045,0.45518904549246136,-3.7356825,15.544271,-14.548066
1775534854.9094582,1.0047634711622164,-0.05997323439061281,0.4555003055346173,-3.6976085,15.498684,-14.497856
1775534855.0095003,1.0077963319600645,-0.05937461575160689,0.4554794348084193,-3.9171677,15.484171,-14.567889
1775534855.1094942,1.010667081050653,-0.05907935068742756,0.45508548452351566,-3.8344207,15.445337,-14.603227
1775534855.2094939,1.0137648624364548,-0.058653849174428126,0.45440357307691376,-3.4994369,15.563259,-14.4666195
1775534855.309494,1.0171930985018167,-0.057920288752096746,0.4540296608251151,-3.7399573,15.486925,-14.567232
1775534855.4095147,1.0182287867767739,-0.05798435605991642,0.45414222388175957,-3.6535473,15.641922,-14.495928
1775534855.5095093,1.0179216954685661,-0.060264803007060413,0.4540602238320687,-3.7353873,15.68042,-14.492774
1775534855.6094992,1.0179284696979822,-0.0604840452810773,0.4539618018673186,-3.7005234,15.493027,-14.4183
1775534855.7093902,1.0180425786832075,-0.05922984121530222,0.4540618700695766,-3.770906,15.559162,-14.547695
1775534855.809344,1.0179650434558394,-0.060093265505792595,0.4540669449005541,-3.7365546,15.609056,-14.519441
1775534855.9093387,1.0179490567751195,-0.060167240961513185,0.4540603986113455,-3.716309,15.510799,-14.571181
1775534856.0093906,1.0180232134687162,-0.05947247994781731,0.4540670150084953,-3.7058191,15.679673,-14.493987
1775534856.1094623,1.0179712082341947,-0.059988929719124846,0.4540669056821334,-3.6766477,15.560503,-14.467278
1775534856.2094111,1.0179769407202943,-0.0599594842028842,0.45406519324462385,-3.8173065,15.630315,-14.522438
1775534856.309426,1.0180011667238424,-0.05965080625113009,0.4540605115913511,-3.6640496,15.555927,-14.416142
1775534856.4094615,1.0179769407202943,-0.0599594842028842,0.45406519324462385,-3.907847,15.584919,-14.549886
1775534856.509496,1.0179990484712744,-0.059781165269507164,0.45407169847097917,-3.7016916,15.604059,-14.544422
1775534856.6095138,1.0179830917807455,-0.0598551471966991,0.45406515404784525,-3.707871,15.58449,-14.5475445
1775534856.7094283,1.0179769407202943,-0.0599594842028842,0.45406519324462385,-3.634616,15.581167,-14.54546
1775534856.8093634,1.0179990484712744,-0.059781165269507164,0.45407169847097917,-3.8227959,15.590376,-14.5217495
1775534856.909423,1.0179830917807455,-0.0598551471966991,0.45406515404784525,-3.672556,15.6315155,-14.441622
1775534857.0094938,1.0179990484712744,-0.059781165269507164,0.45407169847097917,-3.7887254,15.623474,-14.467329
